"","tweet"
"1"," youre uber eats driver  walking just cancel  food bro "
"2"," uber proud  see   great turnout   first tanggathon session last night thank  everyone  coming"
"3"," wed like  take  look   weve sent   direct message please check  inbox thank "
"4","new just announced  partnership  uber  offer young voters  georgia free rides  amp  poll"
"5"," dont     adds   facenook uber viber snapchat facebook add  showing amp annoy "
"6","  uber eats commercial  worse mentions   favorite cult"
"7"," dont order uber eats    days  start getting aggressive w  notifications  know  aint eat tod"
"8","update listening  twin flame  sobbing   uber"
"9","delhi police asks uber  verify drivers  onboarding  check alcohol level  ride devdiscourse  te "
"10"," just nowbook aridw driver  come  loction    stayvsome way  canclled trip uber  ca"
"11"," taking  huge chunk  every sale  using hardware   os  force pe "
"12","  will like  buy  tokunbo corolla  uber business  know  m cant  anoff  will add  little change  "
"13","noww thats  screammmer swaaaggg written    vijay thalapathy swag  andha hand la tea glass giving  local fl"
"14","baltimore police say   investigating  string  robberies    ride share drivers  carjacked  "
"15","lol wait till yall find   uber drivers  also bolt drivers maybe   guys will stop asking people  que"
"16","think    uber driver  gets  venmo payout   treasury publicly targets   now think abo"
"17"," uber"
"18","oh  god   leave   stealing  car   also   fake uber driver  robbing  riders  c "
"19","  met   accident  uber shuttle shuttle door     stopper driver start  bus  s "
"20","ladies please dont request uberbolt   dont  money  pay    drivers  will accept clito currency"
"21","ene   keep telling yall   people actually     choice bc uber   operate   areas s"
"22","dear  know   person life coaches  super nervous   blue check validation   yo "
"23"," great job mr president keep lowering gas prices   student can make  money driving uber  pay  student loans"
"24"," just nowbook aridw driver  come  loction    stayvsome way  canclled trip uber  "
"25","remember  woman  dc  shouted racial slurs   black uber driver amp called   slave    "
"26"," last two uber drivers   going   hella conservative rants aaaaaandddddd im just  like bro shut "
"27","every single uber driver ive   miami  actively tried  kill    driving"
"28"," mobile number email address name   details requested provided   solution offered bcz "
"29"," strikes  ubercool pose   full  swag   new poster ground promotions will st"
"30"," sorry   trouble u       regular feature  ola amp uber  "
"31"," explain     dont use  yellow cab   jfk minute wait    illegal cabs  stairs"
"32"," believe uber successful h h h"
"33","  need    use  code votega   uber app  click get  ride   polling"
"34","    disgrace   platform  work  full time cause  care less   driver cause  w"
"35","lots  young people dont   simple way  get   polls    helping fund"
"36","new  teaming    help provide free uber rides    polling places  georg"
"37","also theres  error right now  uber app  can get  large peppermint mcflurry  snack size  like "
"38","  two big mac meals uber eats  demonic"
"39","  thought  uber driver asked    going   bar   said yeah   asked  im  brazil   "
"40"," im going  uber husband changed jobs  couple months ago works  home mostly bu "
"41","okay part two will  reach  goal     hope  wont  uber quick like last time      set  bar"
"42","uber driver just became  easiest job   planet   driver    tesla  full self driving   us "
"43"," took  money    ride   already  paid   top    drop  location  wrong "
"44"," dont need nobody else    can  couchwifefriendplaystationclothesbedfoodteacheruberhb     "
"45","   ruaha built around boulders  panoramic view   ruaha landscape uber  "
"46","  special episode   book club  join john p glynn heat uber fan  stu coote "
"47","  got stuck   store   extra hour  couldnt get  uber   ended calling  neighbors"
"48"," got  uber   airport   first half  watched  second   terminal bar quite  difference"
"49","nonpolitical tweet  just got  haircut   taking uber home uber driving  lustily singing s  s music"
"50","reminder   tip  earls  cactus server percent   flip  ipad around  tell   easie "
"51"," one  ur drivers almost crashed bcuz     phoneshe forcefully made  stream  album t "
"52","  better quarantine  weeks dont leave  house get uber eats   need food  dont wa "
"53","  american people   idea  trump   minions  fleecing t"
"54","new details depression anxiety cutters oas ex aas ex nas bulimia etc start   meeting "
"55","  story       complained number  times"
"56"," toyota amp honda stealership calls uber amp pax gets picks    tesla experiences  ride th "
"57","  just hardwork bro hardcore work uber hardcore"
"58","lmfao bro  just looked   uber bill  san diego   think   shade  tf   ubering everywhe "
"59","im   uber  cuff  came   radio   driver changed  station   cuff    playing  another"
"60"," date    pick   open  door   hopefully  cool   making  dinner  "
"61","   drivers     apps  people  worried    ones  didnt make   uber"
"62"," relax   free uber   polls send crazy trumpbacked walker back home  texas  doesnt know u"
"63"," uber mad ashit  def made   stops"
"64","  dont even keep app  phone bangalore order gt known cabbies colle "
"65","aowa  alternate sure  ko uber  dont get away  crime  easily mon bolt will mize  straight   also dr"
"66","  understand  experience   frustrating well   best  make things right weve b "
"67","     business license  transport passengers amp  commercially insured vehicle"
"68","one time   giving two latinas  uber ride    behind  car    license plate  said silent "
"69","klay thompson welcome  uber eats"
"70","    help please send us  dm   phone number associated   uber account   can assist  "
"71","uber rating downgraded  sell based  trades   min chart stockmarket "
"72","wonderful piece   teams  mixed ethnicity   primacy   immigrant   sport  "
"73","love  idea uber offering free rides   polls  young georgia voters  now amp election day like helpi"
"74","    disgrace   platform  work  full time cause  care less   driver ca "
"75","   us never hesitated driving pt   months  "
"76","aint never    uber     folks   front passenger seat"
"77"," uber"
"78","wild uber  started   bitching   one tips peaked   talking    got friendzoned   "
"79","uber   actually scary like   rather walk home"
"80"," dude  uber flattering  stuff  super hot  lt"
"81","sometimes  just wish  uber driver  accidentally deliver  order  isnt mine   front door just lik "
"82"," heliums block chain    power  decentralized network   power  idea  pu "
"83","      bike bro organization thats  mouthpiece  uberlyft companies  seek  profit  "
"84","    ola uber follower arent ya  fat virgin "
"85","theres also  gofundme   passenger  said  ordered  uber amp  driven around  atms  bank account ultima"
"86"," town doesnt  uber lyft  cell reception  like  specifically exists  teach rich city girls imp "
"87","omg   take  bus    wife    vacationing patchy cell one taxi  uberlyft hell yeah "
"88","  comes  yall spark   yall order uber eats      shit amp now  three  "
"89","  far   truth   started loosing weight lol"
"90","      bike bro organization thats  mouthpiece  uberlyft companies  seek  profit  "
"91","companionship   essential  life wahala  plenty   life    need companions     drop"
"92"," infuriates   uber drivers ask   restaurant     shop right next  th "
"93"," getting   uber hey     getting    uber good luck   custody battle theres n"
"94","muln badly oversold gem hiding righ  ur nose grnq ocgn tnxp axas abeo fcel bngo acor ontx nakd "
"95","  really dont understand  truly theyre  allies theyre just pretending    atte "
"96"," wanted  pay back  bartender   uber  ordered    weeks ago   said dont worry   now  lol"
"97"," yes owneroperators  eligible  iww membership theres "
"98","   askin  uber driver  pull    can vomit lt"
"99"," confirmed  ride    cancelled  raised  price  even seconds la "
"100"," whats  laziest thing youve ever used uber eats "
"101","  sorry  hear      uber experience  expected please send us  dm  th "
"102","im almost home   just passed  uber  "
"103","   uber like company will buy million units   one will   car anymore   c "
"104","uber driver tuff "
"105"," going  almost three days   resolve havent heard  anyone  uber today"
"106","ladies please dont request uberbolt   dont  money  pay    drivers  will accept clito cu "
"107"," clarify along  good friends  will  paying   uber rides    po"
"108","    one  lies  uber drivers like big life lies just  test  acting last night    year old engi"
"109","  called  work w car problems   wanted  buy   uber "
"110"," ill uber    sister take "
"111","thinking   time  someone died   hotel    working    didnt know   coroner came "
"112","  economy model   stay thrive numbers tell  different story  loosing m usd per"
"113","  still smol tho    biggest smile   uber wholesome"
"114","worlds longest fry im taking  uber "
"115","  fear  peachs portrayal  understandable  seeing  uberfeministfantas "
"116","breaking   uber eats like   door dash"
"117","uber   tailors"
"118"," star   bangalore cheaper  ola uber timely pickup last minute reschedule driv"
"119","tried todayawesome exphope  use  soon   "
"120","first taxi ride  years never   dinosaur industry  done nothing  adapt   disruption  ride "
"121"," uber driver  watching  basketball game  driving     timeshould   worried lol"
"122"," uber just picked mom amp dad   take    airport amp   drove away  girl put  arms around  lo "
"123","  whole tweet sounds uber pathetic imagine thinking harry  meghan   story rele"
"124"," dont order uber eats    days  start getting aggressive w  notifications  know  aint eat today"
"125"," uber driver named adrianna  catcalled   dusk  poland"
"126"," uber driver  playing  burned cd entitled ska punk christmas"
"127","    uber free rides apply  middle aged  senior citizens  "
"128","  definitely want  get  sorted  weve   touch via dm     questions pleas "
"129"," damn   horrible"
"130"," vintage uber successful   always h h h"
"131","   drivers  riders just worked     figure   much  charge   charge th "
"132","bitch uber   dick"
"133"," olu hu uber run   life"
"134","lbas uber patent infringement markman hearing "
"135","uber drivers man "
"136","uber drivers always play bob marley   get   car lol"
"137"," uber  arrived "
"138","walker lives  tx ga cancel  early voting  now  december nd december th  election day go  "
"139"," thats always sad  place   hot tip  yesterdays uber driver turns  desires oyster bar "
"140"," bucks  one day now  gotta  uber  drunk fuck "
"141","  preliminary due diligence   appears many   also charged  multiple months  "
"142"," uber  ola    driver behave   way  sometimes  even ask  extra money "
"143"," actually  true    desire   tesla   uber ride  nas "
"144","however im   uber eats driver ass im really waiting    mf door"
"145","walker lives  tx ga cancel  early voting  now  december nd december th  election day go  "
"146"," dont maccas   new drinks  uber eats "
"147","    preschool teacher many moons ago amp  cant even fathom talking   sex life boyfriend social life"
"148","walker lives  tx ga cancel  early voting  now  december nd december th  election day go  "
"149"," done"
"150"," yall impossible  get ahold  cancelled everything   guys  long ago  yall still charging  every month"
"151","walker lives  tx ga cancel  early voting  now  december nd december th  election day go  "
"152"," explain     dont use  yellow cab   jfk minute wait    illegal cabs dow "
"153"," call  game  uber"
"154"," uber proud  see   great turnout   first tanggathon session last night thank  everyone  com "
"155","imagine getting several tickets  dates  times   werent parked   thats  tracy lang  ube "
"156","walker lives  tx ga cancel  early voting  now  december nd december th  election day go  "
"157"," enormously frustrating  watch  pens severely like uber severely underperform   overtime situations"
"158","  nigerian lady said    thought bas  beating uber driv "
"159","  youre  twitter   work   sounds mighty unprofessional  "
"160","  khatara cabs  unhygienic driverscharging like  limo dont exactly know  uber india  "
"161","walker lives  tx ga cancel  early voting  now  december nd december th  election day go  "
"162"," anyone calls   passenger princess   car    one way ticket  getting left   uber princess bitch"
"163","loser uber   "
"164","walker lives  tx ga cancel  early voting  now  december nd december th  election day go  "
"165","   looked like  irl  wouldnt    app lmaooo"
"166"," good riddance uber doosh"
"167","   driving"
"168","apparently can charge  account without  full acknowledgement  understanding    charged "
"169","walker lives  tx ga cancel  early voting  now  december nd december th  election day go  "
"170"," hate  uber doesnt let  change  profile picture  look way better    years ago man"
"171","nobody gives  shit pick   bags  go  uber  waiting "
"172"," republicans uber  available  free take advantage  voting tomorrow "
"173"," miles  miles    happens  drivers take  customers   "
"174","taxing  wealth   uber wealthy     option   obligation   government   duty  "
"175","walker lives  tx ga cancel  early voting  now  december nd december th  election day go  "
"176","  deliveries  uber  youd  surprised  secure  places   surveillance everywhere   wan "
"177","walker lives  tx ga cancel  early voting  now  december nd december th  election day go  "
"178"," uber eats   ginger ale"
"179","walker lives  tx ga cancel  early voting  now  december nd december th  election day go  "
"180"," boycott muslim drivers just refuse  ride   uber ola rapido platforms"
"181","  best conversation   uber driver home today "
"182","uber  good value"
"183","walker lives  tx ga cancel  early voting  now  december nd december th  election day go  "
"184"," uber   line cooks whore soberish  willing  come   short notice"
"185","oh  theyre begging   cross shot okay  can eat  uber cut shot"
"186","walker lives  tx ga cancel  early voting  now  december nd december th  election day go  "
"187","   sure cuz  pics say otherwise lmfao"
"188"," davie revealing  uber rare "
"189"," uber got nothing   breathing dummy hard "
"190","uber  matchmaking now thats crazy"
"191"," ubereats driver app  stopped showing drop  address "
"192","good almost afternoon  havent received anything  anybody can help   ride  work   funds   uber  rea"
"193","  get home   uber right now  u gonna reimburse  "
"194"," will never understand   uber eats drivers think  ok  leave peoples food   fucking ground bro "
"195","   successful senior season im uber proud tete     studd "
"196","   lmao"
"197","  booked  uber shuttle ride   todayive boarded  shuttle  driver  unable  start "
"198"," yup  "
"199","best slogan gets nike just   uber move  way  want airbnb belong anywhere grizzly "
"200","uber eats    much extra  delivery   tip   bit extreme "
"201","  appreciate  taking  time  let us know    encourage   continue working "
"202"," sold  billion cant    bad ubers financials  shot    hea "
"203","karnataka govt proposes commission  appbased auto aggregators ola uber amp rapido courtesy mc read "
"204"," yup   uberfrustrating"
"205"," ask uber   fight  apple went"
"206"," whatever reason    lazy  walk home  took  uber   punishment      game  pe "
"207","  fact youre jacking   delivery prices  strongarm people   uber plus program  kind o "
"208","getting  uber   hell"
"209","wonderful piece   teams  mixed ethnicity   primacy   immigrant   sport  "
"210","uber top analyst price target  next week"
"211","  guys  gonna   reason   lot  drivers kids   dark christmas  rob drivers  dont "
"212","uber top analyst price target  next week"
"213","walker lives  tx ga cancel  early voting  now  december nd december th  election day go  "
"214","  cuz   watching    way   interview     stone face kn cuz ik   screamed  ub "
"215","ok  twist  arm  now  pretty face   memed "
"216","     apple gal   beginning   will seriously find  new phone   happens   "
"217","eventually itll  whittled    single uberwoke authoritarian trying  ban   left hand whatever h "
"218"," uber  tf   become  kpop star"
"219","gonna start  app like uber   just delivers  moots youve  flirting  direct   door"
"220"," best place  traders  gain spy amzn nvda ba baba amd nflx fb uso dal "
"221","ive  stuck  covid iso  days   order  chip   stick via uber eats"
"222"," thats  waiting  uber eats delivery"
"223","grape nuts dont contain nuts  grapes  mexicans steal  jobs  border collies use    since  c "
"224"," fr fr    kicked    car  make  call  uber "
"225","   sorry   inconvenience caused   please send us  order id  confirm  name   "
"226","uber eats delivery fees  making  sense"
"227","free visa debit card  cover  next gas station visit  uber gift cards like  post  subscribe   fre"
"228","ybnls newest signee ubertalented recording artist songwriter amp producer brings  exclusive acoustic perfo"
"229"," uber betta kno   buss dey ass drivin lik dis"
"230"," yall know uber   social media network"
"231"," ill just alternate apps  communicate  nope   proc doc describes  standard chinese police phone fo"
"232","    imaginary life   uberlyft "
"233","   just got  doesnt know   world works yet   "
"234","like     charity  doesnt  property takes   donations   people    uber  "
"235","  trip     michigan   got dam san fransisco ca  want  fucking money back noooooowa wt "
"236","  uber model  looks like subsidise   can saturate  market  put   prices  "
"237","   fully aware   consequences  putting  gorgeous face   internet"
"238"," thank  uber"
"239","    assist please send us  dm   phone number associated   uber account s "
"240"," menulogjust now  clear  uber eats"
"241","   ok"
"242","  uber proud  ms bynum "
"243","arizona georgia ohio pennsylvania wisconsin  election day   providing free roundtrip uber rides t"
"244","  understand   want  issue   resolved   assure    support team works throu "
"245"," must  mandatory  uber drivers  listen  church  gospel stations   drive"
"246"," thanks  reaching    currently reviewing  concern  will   touch via inapp  "
"247","  beautiful christmas market  kyiv ukraine  front  st sophia cathedral "
"248","  dont know  nypd  count    victims   filed  p"
"249"," strange looking uber"
"250"," solo ubers  lowkey goated  situations   favorable uber exchange   vibe"
"251","     laugh  generally deluded "
"252","  hard  look   bunch  think uber race"
"253","boycott "
"254"," "
"255"," holy crap thats meme worthy    compared  az right now  funny faces"
"256","one   biggest deterrents  young voters  transportation thats  amp teamed  "
"257","  public service thanks uber"
"258","ybnls newest signee ubertalented recording artist songwriter amp producer brings  exclusive acousti "
"259"," uber driver def caught     bc  went  playing country    minutes   ride"
"260"," believe  love love  life"
"261"," uber driver yesterday tried  bully   cheating   man lmfaooooo man drop    get  teeth fixed "
"262"," youre calling  uber home right "
"263"," youre  scary driver please uber"
"264","   think    better  feel  just driving next time xd   will somewhat suck    "
"265"," uber"
"266","uber top analyst price target  next week gt "
"267"," wtfuck   bull shit  uber    change    take  trip   got dam locatio "
"268","facts "
"269"," yeah  can come  mine  pizza  min uber  hour bus"
"270","exclusive beatenand  carjacked houston uber driver tells khou reporter   moments leading  t"
"271"," probably uber eats salah  stayin wit   wife tonight "
"272","niggas carjacking uber drivers  crazy   "
"273"," guy   uber share keeps refusing  play whiskey    hes just  haunted  see  ghosts  idiot"
"274","  uber one  just noticed  fee   platinum amex card anyone else billed   cc "
"275","   sorry   inconvenience caused   please send us  phone number  email address assoc "
"276","  partnering  uber  offer young georgia voters free rides    polling locations  th"
"277"," uber  giving free rides  vote  know  thats    walker  win republicans need  step  "
"278"," feel like uber facts  talking   ass sometimes"
"279","  sorry  hear   havent received  order please send us  dm   phone number ema "
"280"," cant even get   lyft  uber without knowing  youre gonna get kidnapped  robbed  gun point  baltim "
"281"," may  well become  uber driver"
"282","hungry get   first uber eats order    terms apply use  code  checkout eatsnaritac "
"283","everytime  get ready  go  work  open uberbolt "
"284"," lets make  happen "
"285","   can end  debate  election suppression  need  id  get   uber"
"286"," hi   taken  trip yesterday  bangalore     cash payment   pai "
"287","think    uber driver  gets  venmo payout   treasury publicly targets   now th "
"288","    commute  bolt  uber   daily       shit  super expensive "
"289"," jerks  try  drive away  driving straight instead  making  uturn like everyone else since  ge "
"290"," feel like even   get back  toronto   vacation im  gonna redownload uber uber eats  anything  "
"291"," driver numbers reducing due  high fees charges also deregulation act uber cashed    "
"292","yeah  get  bro   uber driver  busy af  get   respect  grind tho"
"293","  seen    said     fake looked       dude chick  one odd perso "
"294"," let us help   will send   dm  verify  situation"
"295","  without  doubt  hint  irony   disgusting morally reprehensible thing ive seen      absu"
"296","fuck allatdid  bitch uber  deliver food "
"297"," hi  really need  money back"
"298","im actually  happy  ireland banned uber  fuck w taxis taxi unions bc id rather support  worker  ca "
"299"," youre calling  uber home right "
"300","   informed today     ride  uber anymore  uber will  tell     "
"301","pretty soon  gone  yall remember uber  lyft lol   time "
"302","uber eats    much extra  delivery   tip   bit extreme "
"303"," ola hu uber   boom"
"304","   become  recurring issue  ola  uber best  keep  gpayupi option   "
"305"," lgbtq agenda  nothing    grooming kids  pedos  uber straight"
"306","vegas uber drivers  funny  hell "
"307","   first uber eats order    use code usji terms  fees apply"
"308","  awesome amp  giving young voters free uber rides     "
"309","ziggurat  ur iraq "
"310","    feeling youre    "
"311","theres currently  giant disco ball car suspended  sydney harbour  nestled  glitte"
"312","im  tired  driving   uber tonight"
"313","   ride  unacceptable deplorable even  fact   dont   alerting   app "
"314","mostly ahs excruciating fake laugh  watch   want  torture   tf   uber "
"315","  really sad   dont value us drivers    make us suffer   reason "
"316"," arent  uber progressive    want  norms"
"317"," good thing    mexico previously  ubers werent  brutal "
"318","   fly  miami   friends come scoop    airport   can save  uber ride f "
"319"," uber driver  just singing heartbreak anniversary    might without tryna make  obvious im like "
"320","  dangerous   last night uber boat nearly rams westminster"
"321"," uber eat "
"322","people just trying  get home  work  yall jacking  uber   jacking  outchea trying  hit  "
"323","everytime  get food  uber eats  always really appreciate  bc  dont   car rn   like wow u really "
"324","man woman wanted  police  houston uber driver brutally beaten via "
"325","    argued   literally hurting  mission   point  "
"326","   go sit   beach  think theres  beach  can uber  pretty close  lax"
"327"," voiced version "
"328"," new episode  kicked back presented    now  football coming home  christian pulis"
"329","  account got hacked  now    third party security wall can  please delete    can start  "
"330","  online payments  will cancel  ride cash works   cases "
"331","  called uber maybe  can teach people   license   use "
"332"," theres hardly  better activity  cuddling  want    professional cuddler can  open  ve "
"333"," yeah underpaid   teachers driving uber   us   disgrace pay every "
"334","  finna make  salmon burger   think imma uber eats instead"
"335","  uber cars  one place"
"336","  need  bike taxis  bengaluru  everyone can afford ola "
"337"," dont book ola  uber   want  catch  flight    reach anywhere  tim"
"338"," gon cap   hitting  vape   hop   ubers   uber drivers  thinking  just smell like "
"339"," yes ill make sure  share  whim  well btw  daughter amp   uber fans amp  mu "
"340","first world problem trying  keep  shit together     back   uber   radio plays magic fm christmas songs "
"341","  pathetic service  uber daily im getting message  rs deduction   payt"
"342","  wont see    uberdetailed   kind  stuff isnt made public  im assured "
"343"," confidentiality uber alles  completely insane"
"344"," sure   can easily translate c  k  k  c li "
"345","fake thai taxi trepid turquoise green held orangeish stripe dorsiferous midnight purple "
"346"," nothing will change sick mentality even  ola fires   will drive uber  indriv"
"347","see  thing  eren  hades  technically   obvious choice   feel like  need  malewife er "
"348"," just ordered  pancheros burrito  uber eats  lol"
"349","uber weeds plz"
"350","shout    uber man   bike   snow trying  deliver  food"
"351","true happiness   uber rare   free gacha draw "
"352"," obviously uber bearish"
"353","  bad guy  cats lol"
"354","  sorry  hear   wasnt  uber experience  expected please send us  dm  date "
"355","  sent  similar themed text  got  earful     eyeful   kids just called "
"356"," innovative solutions like slave labor  mix   fyre festival conditions     v "
"357","chile  daddy  intent  setting     mid  church work uber drivers anywhere   like plea "
"358","   grumpy old men stop  taxi drivers  start  uber drivers"
"359"," absolutely atrocious customer phone support two days   row  phone sup "
"360"," "
"361"," oh  totally agree   hes intensely   wrong   must always  careful  course  "
"362","  public transportation uber  hella expensive"
"363","  uber eats driver  pulling    order worth  food    category hurricane "
"364","leaving  uber smiling proudly   knowing  just scored  solid star rating   driver   one violation "
"365"," hi wes sorry  hear    mind sending us  dm   emailphone number attached   acco "
"366"," dont book ola  uber   want  catch  flight    reach anywhe "
"367"," victor lol typical democrat lies  usual  know  drive  uber caught  ca "
"368"," native smoke signal  uber"
"369"," give tax advantages  little person tax relief lower taxes  give  advantages "
"370","uber nov puts  alerted   nov pm peak  alert  "
"371"," wait  f isnt even fuckin linear holy shit  wor "
"372","uber eats damn"
"373","  almost got robbed   uber sooo  best just   go "
"374","  member profits stay patient   let  trade play  ino ino lyft fsr "
"375","everyone come join  amazing group  traders ino fsr lyft slv meso uber gld "
"376","  every minute miami airport  south beach express shuttle   joke  figured id try    "
"377","im sick    responsible   order two slices  cake   uber eats"
"378","uber driver just started playing dick   box lmao"
"379","   happening  many placesabsolutely pathetic service   ola  uber rude driversunclean  b "
"380","  uber driver spilling  familys tea  just told    mamas business "
"381"," tiktok  often promoted dangerous trends like blackout challenge    chacha slide  driving  yet"
"382"," awaiting response "
"383"," dad rly  sweetest  felt bad  cant pick     airport   sending  money  uber  rly spoils "
"384","sneakers amp uber tonight   plan  drinking without restrictions "
"385","take    please  want uber eats  bad "
"386","  enhance  experience  trading  get instant help click  ba bb baba "
"387","  lost   uber driver   brutally knocked   paul  comments  "
"388"," bruh  knew   c  technically bad   "
"389"," hours  se ridge  already  decimated   uber block   z eps love  "
"390","alerts given trading chat  discord join  free spy qqq amzn nvda ba tsla "
"391","damn  free uber eats membership     capital one credit card "
"392","imagine  tinder   rating system like uber"
"393"," colorado lyft  uber drivers strike  denver international airport demand reform "
